t1Dragons,t2Dragons,t1Rift,t2Rift,topGoldDiff,jgGoldDiff,midGoldDiff,adcGoldDiff,suppGoldDiff,winloss
2,0,0,0,2336,-1008,1383,731,683,100
1,1,0,1,936,1694,216,1817,2023,100
0,2,0,1,-846,-1472,-5485,-2755,-339,200
0,1,1,0,1312,397,1266,486,874,200
0,1,0,1,-1981,2913,-114,83,-226,200
2,0,0,1,101,-1400,1125,974,133,200
0,0,0,0,-666,30,1108,939,379,100
2,0,1,0,-150,205,-1980,1463,1159,100
1,0,1,0,165,-250,-2135,1126,632,200
1,0,1,0,-1297,1201,473,1081,1432,100
0,2,1,0,1293,834,15,-403,-829,200
1,0,0,1,2683,2818,851,411,-675,100
1,0,0,0,-595,904,514,-1499,-972,100
1,0,0,0,3202,485,-736,1156,1814,100
0,1,0,1,2809,347,3217,1362,94,100
1,0,0,0,1304,-955,4429,-1363,-75,100
0,2,1,0,1781,1894,-192,-1655,376,100
0,1,1,0,-879,949,1239,-1561,-1648,100
2,0,0,0,2197,0,-186,1295,1545,200
2,0,1,0,5294,985,2357,666,742,100
2,0,0,0,1035,-230,299,596,-695,200
1,0,0,0,2339,-462,86,621,787,100
1,1,1,0,548,-1327,131,-2556,-358,200
1,0,1,0,1059,793,523,1233,1596,100
2,0,1,0,-2056,1247,825,-128,-1118,100
1,0,0,1,12,-488,246,-916,216,100
1,1,0,1,2594,-405,-96,709,93,100
1,0,1,0,-1439,-1745,-798,715,-850,200
0,1,0,0,0,0,0,0,0,200
1,1,0,1,886,564,396,-921,85,200
0,2,1,0,2256,-485,-210,-1989,-597,200
1,1,1,0,-156,678,1357,1095,2116,100
1,0,1,0,1505,190,-307,-323,-340,200
2,0,0,1,-1954,265,406,1437,529,100
1,0,1,0,760,1343,1171,295,1366,100
2,0,0,0,-79,-211,648,-1031,-381,100
0,2,0,1,65,2053,1227,-86,221,200
0,0,1,0,3660,-1388,252,-155,62,200
1,0,1,0,1847,786,1880,-347,442,100
1,1,0,1,-2533,398,1859,-219,978,100
0,1,0,1,1675,637,1880,-2807,-2226,100
2,0,0,1,-2078,1902,1021,1899,704,100
0,2,0,1,-1039,-246,-2163,-1743,-2124,200
2,0,0,0,-1738,-901,543,-1908,-869,200
0,1,1,0,-259,-1999,-1048,340,642,200
0,1,1,0,1152,400,-1934,326,-926,200
2,0,1,0,1018,1376,774,2248,881,100
1,0,1,0,-3634,-225,-3365,1106,-1678,200
1,1,0,1,-3300,-1428,-1577,-75,513,100
1,0,0,0,809,1465,1524,1180,-532,100
1,1,0,1,-979,685,-2051,205,504,200
0,1,1,0,4078,-595,-5371,-245,-1629,200
0,2,0,1,592,57,-26,-623,-977,200
1,1,0,1,433,-947,-2232,1429,-1963,100
0,1,0,0,2287,3016,-5,-1659,-805,100
1,0,0,0,-4800,-132,858,138,-125,200
0,2,1,0,267,635,339,2023,426,200
0,2,1,0,693,416,-444,141,-1983,100
2,0,0,0,-250,-248,1300,-235,-167,100
0,0,0,0,0,0,0,0,0,200
2,0,0,1,1156,-431,2387,-764,365,100
0,0,0,0,-514,406,-371,-1335,-670,200
0,1,1,0,-200,868,1754,-2751,-1999,100
1,1,1,0,1792,-73,2986,184,360,100
0,1,1,0,-2618,434,-361,2114,-63,100
1,1,0,1,-3478,-3038,-3176,-1203,-1024,200
0,1,0,1,-2718,-719,-2428,-2766,-1957,200
1,0,0,1,-893,2914,231,-666,-822,100
1,1,0,1,-1352,448,1475,1681,440,100
0,1,1,0,-2005,614,-1593,91,1459,200
0,2,0,1,-945,-1938,677,-770,-2375,200
0,1,1,0,-689,-328,2485,-1376,1235,200
0,2,1,0,2925,1392,-491,-178,-716,200
1,0,0,1,-1956,1323,28,-1115,652,100
1,1,0,0,1273,474,593,-2886,-1389,100
1,1,0,1,159,-91,-2565,-2972,586,200
1,0,0,1,-1559,636,838,-967,-75,200
0,1,0,1,1405,1369,-1683,-372,-1171,100
1,0,0,1,2161,-774,-919,3472,1073,100
1,0,0,1,1103,1596,-483,231,195,100
0,2,1,0,-681,-591,1288,-1988,-100,200
0,1,0,0,-3842,121,278,-892,-793,200
0,1,1,0,429,-2091,1885,-1012,217,200
1,0,1,0,2249,1327,1001,-1274,679,100
0,2,0,1,1510,-390,-841,-399,-609,200
1,1,1,0,678,688,1020,864,668,100
0,1,1,0,2931,655,183,1868,1215,100
0,2,0,1,-1331,-1528,-1595,613,-927,200
1,1,0,0,2867,905,-54,-1488,1169,100
1,0,1,0,604,2411,-46,217,671,100
0,2,1,0,2789,392,-5,-1651,117,200
1,1,1,0,-979,291,-968,2557,1317,200
0,2,0,1,-1085,-18,-28,470,-1931,200
0,1,0,1,-216,-1586,604,108,-13,200
2,0,1,0,5253,1591,296,2141,-25,100
2,0,1,0,1155,1233,1216,3492,2203,100
2,0,1,0,1604,2025,-1667,-1655,-806,100
0,1,1,0,1433,-27,495,-1832,-504,200
1,0,0,1,-1975,230,555,1451,372,100
1,1,1,0,-2,1480,1872,894,80,100
1,1,1,0,0,0,0,0,0,100
1,0,1,0,-2238,498,314,-1854,-516,200
2,0,1,0,-325,1496,1787,372,724,100
1,0,0,0,-598,156,2201,-2936,-664,200
1,1,0,1,-604,-456,704,1653,1781,200
2,0,0,1,-1814,394,1500,-2558,-1159,100
2,0,1,0,2214,907,1690,848,658,100
0,2,0,1,2317,-1237,1765,-1068,-1627,200
2,0,0,1,1369,48,3389,213,1575,100
2,0,0,1,987,952,-906,3115,-469,100
2,0,0,1,-1974,280,122,462,226,100
0,2,0,1,-2123,934,-548,-1037,152,100
0,1,1,0,-1148,258,1130,201,275,100
2,0,1,0,583,849,999,1305,1646,100
0,1,1,0,-185,2452,630,-906,217,200
1,1,0,0,-1168,-1166,-747,-2065,-809,200
2,0,1,0,136,-22,2139,262,383,100
1,1,0,0,65,-581,1447,-1647,1618,200
1,1,0,0,-2061,1435,-304,349,351,100
0,1,0,1,277,-530,-853,432,434,100
1,1,0,0,-1836,1095,-2600,-5,-65,200
1,0,0,1,-1320,-103,872,1695,1217,100
0,2,0,0,327,833,-2586,-3023,-973,200
1,0,0,1,-1265,1708,116,1001,1070,200
1,0,0,1,746,1395,-801,1697,908,100
1,1,1,0,2276,-1611,-1952,-5,-455,100
1,1,1,0,2285,-496,-634,-702,-1492,200
1,0,0,1,36,-1110,-2265,-1525,-210,200
2,0,1,0,-319,875,1635,-1633,-23,100
1,0,0,1,-996,-1473,-2082,729,1943,100
0,2,0,1,917,-636,-5967,-1087,-1173,200
0,2,1,0,1583,250,1867,2281,3014,100
1,0,1,0,1518,1392,620,-1383,-1507,100
1,0,0,1,-701,-2278,1826,-1438,-691,200
1,1,1,0,1989,-876,381,-1553,-399,200
1,0,1,0,1190,849,1891,781,1393,100
2,0,1,0,-971,-336,784,-608,1584,100
1,0,1,0,2732,-219,1458,-324,-1008,100
2,0,1,0,-1224,-284,1228,941,1060,100
1,1,0,0,2484,-234,-912,720,267,200
0,2,0,1,2338,-983,1723,143,-2118,200
0,1,1,0,663,1091,634,-253,339,100
1,0,0,0,-1132,1246,20,900,292,200
1,1,0,1,1384,-1345,-1555,1754,913,100
1,1,0,1,-324,525,-573,486,1125,200
1,1,0,1,722,-163,179,1185,309,200
1,0,1,0,-617,-429,-329,-470,-1254,200
0,2,1,0,-3131,1935,-6,-404,88,100
0,0,0,0,0,0,0,0,0,100
2,0,1,0,1764,136,-1167,2591,73,200
1,0,1,0,3725,-938,-217,-1010,-602,100
0,1,0,1,477,1369,1588,1322,712,100
0,1,1,0,-1306,1332,-377,3462,1426,100
0,1,0,1,-438,985,-2077,5,-682,100
1,1,0,1,414,-2593,-4742,1941,663,200
0,1,1,0,-662,73,1887,1488,-611,100
2,0,0,1,-1583,-1414,-99,135,-230,200
2,0,0,1,462,2155,27,1247,357,100
2,0,1,0,2578,1909,1966,-52,1280,100
2,0,1,0,1837,601,3262,-209,33,100
1,1,0,1,-2229,121,-1212,-828,284,200
1,1,0,0,-1297,-132,-994,-1985,-350,200
1,1,1,0,-1008,731,372,1012,23,200
2,0,1,0,1821,2431,1607,-2680,-1515,100
0,2,1,0,2102,3137,-2258,193,131,100
1,0,1,0,-1321,1516,-363,908,-82,100
0,1,0,0,-1248,-35,-2751,-1135,1179,200
0,2,0,1,1205,-258,-298,-1789,1100,200
1,0,1,0,2196,361,433,1183,504,100
0,2,0,1,832,-377,-1434,-1293,-544,100
1,1,1,0,1464,988,1747,-1842,862,100
1,1,0,1,2126,-1190,-2570,644,451,100
1,0,0,1,669,-3010,-1482,1029,1082,200
0,2,0,0,2274,-404,881,-1923,-1866,200
2,0,1,0,-449,-1424,-1330,601,530,200
1,1,1,0,184,-1153,-890,-934,-826,200
0,1,0,1,-249,-706,175,642,169,100
0,2,0,0,2373,554,-1968,148,748,200
1,1,0,0,196,-1700,275,-193,314,200
0,1,0,1,-689,-98,-211,520,-239,200
2,0,0,0,2300,1622,-402,579,202,100
1,0,1,0,387,997,906,-207,693,100
1,0,0,1,3073,725,-431,1899,250,100
1,1,1,0,748,-282,-1720,826,345,100
1,0,1,0,-363,704,-208,2052,2079,100
0,1,0,0,930,604,1500,-761,-1573,200
1,1,0,0,-2393,929,-1634,1039,455,200
0,1,0,0,-316,-2077,-1038,1651,-442,200
1,0,0,0,-389,38,-87,2128,844,100
0,1,1,0,-695,1904,-952,-395,-436,200
0,2,1,0,3210,-1948,-84,-159,-312,200
0,2,1,0,-110,-1119,857,-3125,1169,200
1,1,1,0,-475,-1870,-867,909,480,200
2,0,0,1,231,2801,-964,-710,-1081,100
1,1,1,0,1135,986,2622,-908,-750,100
0,1,1,0,1940,-1517,2115,-279,242,200
1,0,1,0,1352,2804,1133,-2519,-893,200
0,1,1,0,3008,3107,-844,310,210,100
0,2,1,0,-1209,-1463,1863,-574,-371,200
1,1,0,0,-461,229,-1475,525,-340,200
0,1,0,1,-1534,-1437,-1423,606,-121,200
0,1,1,0,2763,787,928,-859,-2216,100
0,1,1,0,0,0,0,0,0,200
0,2,0,1,-133,-296,-2982,-1323,1883,200
1,0,0,0,-1575,-1012,530,456,-423,200
1,0,1,0,2805,43,-1303,-376,150,200
2,0,1,0,283,1886,290,2920,1924,100
1,1,0,0,-3020,167,-183,331,888,100
1,0,1,0,959,418,1958,1099,1723,200
0,1,0,1,-2805,232,170,-325,1321,100
0,1,1,0,370,541,845,-530,-194,100
2,0,1,0,1375,-486,-3113,-252,499,100
1,1,1,0,1341,2048,1618,-1159,1841,100
1,0,1,0,3062,1449,-421,-2262,-921,100
2,0,1,0,-1404,1720,2464,-1560,-361,100
0,2,0,1,990,-460,-1063,898,1755,100
0,1,0,0,-1576,-1807,-1002,-816,-1495,200
0,1,1,0,1731,-782,-2638,-359,39,200
0,1,1,0,1732,22,80,-2854,-3927,200
1,1,0,1,1085,-340,-2184,3084,2026,100
1,0,0,1,-1217,-1189,27,216,1219,200
0,1,1,0,704,317,-2213,-310,-38,200
1,1,1,0,-369,744,1288,-2008,-1489,100
1,0,1,0,485,865,337,1827,1237,100
0,2,1,0,-1625,-386,-1997,74,447,200
0,1,0,1,-3525,-702,-254,1701,509,200
0,2,0,0,-2355,-297,-51,-147,-811,200
1,1,1,0,211,1408,2686,-853,-13,100
0,2,0,1,-223,325,327,-2136,-256,200
0,1,0,1,726,-469,-721,-3176,-1401,200
1,0,1,0,3761,1958,414,365,932,100
1,0,0,1,-306,348,493,-1724,-596,200
1,0,0,0,500,569,-950,3026,129,100
1,1,0,0,331,2025,15,847,935,100
1,1,0,1,2964,-82,-2176,676,-48,100
0,2,0,1,1832,-1606,-259,-234,33,200
1,1,0,1,-1959,-953,100,1190,-192,200
0,1,1,0,2148,1204,-1255,-1939,-866,200
2,0,0,1,-1194,774,-437,-1109,-136,200
1,1,0,1,-207,-750,-2144,-742,-735,200
2,0,1,0,1409,2719,2739,3035,1771,100
0,1,1,0,1011,1233,992,-5,-297,100
1,1,0,1,-1805,1753,67,151,47,100
0,2,0,0,533,-1364,1254,-382,-419,200
1,1,1,0,-89,-404,818,777,885,100
1,0,1,0,2042,520,-115,233,186,100
1,1,0,0,228,-803,-335,-584,775,100
0,2,1,0,769,-591,541,851,279,100
1,1,0,0,478,-91,325,488,-790,100
1,1,1,0,599,-1038,-1398,-632,271,100
0,2,0,1,69,-1272,-457,-908,659,200
0,2,0,1,2462,-1276,-1577,-2169,-1376,200
1,1,1,0,-1991,43,-889,259,-821,200
1,1,0,1,-3751,-1650,1028,342,11,200
1,0,0,1,1335,1860,605,2379,950,100
1,0,0,1,1206,-337,-403,157,678,100
0,2,0,1,-1773,-2809,282,-252,-965,200
0,1,0,1,-1575,1094,-3469,-1974,-526,200
1,1,1,0,1447,-1206,12,-372,-750,200
0,1,1,0,2426,-2618,2653,-2391,-1335,200
0,2,0,1,2428,517,321,2812,408,100
2,0,1,0,816,2075,2582,303,-198,100
2,0,1,0,2982,357,2505,3187,141,100
1,0,0,0,-1540,-85,32,2290,-223,100
1,0,0,0,1039,-1813,464,-2652,124,200
0,2,1,0,-573,-534,534,456,283,200
1,0,0,1,943,-308,-445,118,-353,100
0,2,0,1,-2579,-2817,-2355,-1395,-762,200
2,0,0,1,-669,1464,294,-813,1114,100
1,0,0,1,-198,799,213,-1269,572,100
2,0,1,0,1145,2520,-21,269,2269,100
0,1,1,0,1252,-934,-301,-1394,-2431,200
0,2,0,1,650,-1238,-294,1018,1107,200
1,0,0,1,41,1178,1586,1049,-905,100
0,1,0,0,-884,-3573,400,1578,-277,100
1,0,1,0,-416,95,1185,-2851,-1476,200
1,1,0,1,372,-654,94,1991,2691,100
1,0,0,1,-2328,-1540,156,-2664,-774,200
2,0,1,0,282,-123,1413,-867,983,200
1,0,0,1,-165,-568,-864,-422,257,100
0,2,0,1,-1103,-1173,-63,-1681,-376,200
1,0,0,1,-449,-91,1823,2781,538,100
2,0,1,0,-320,-1158,-1171,2547,1979,100
1,1,1,0,2621,34,-215,-1062,-504,100
1,0,1,0,-71,535,2512,339,-159,100
1,0,0,0,2529,-1018,-1803,-1712,224,100
1,0,1,0,298,1635,2096,643,1141,200
1,0,1,0,277,504,1157,1351,931,100
0,1,0,1,719,585,-106,-652,-382,100
2,0,0,0,-1053,1237,4062,1198,820,100
0,1,0,0,-1357,-510,2472,-2335,-745,200
0,0,0,1,2559,720,-1973,-1451,-418,100
0,2,0,1,-602,144,779,520,969,100
2,0,1,0,316,1232,1220,551,939,100
0,0,1,0,709,336,1904,-20,527,100
2,0,1,0,3747,2157,876,907,1383,100
0,1,0,1,-2381,874,2846,-387,-134,100
1,0,0,0,-375,-1240,1189,-2162,-650,200
1,0,1,0,3672,267,677,1143,875,100
1,0,1,0,-1699,-453,-285,1993,1654,100
1,0,0,1,-3083,278,1726,1372,748,100
0,1,1,0,1975,212,3799,2971,282,100
1,0,0,1,-531,280,-3590,-1317,-1045,200
0,1,1,0,-2856,-663,2134,89,2141,100
2,0,1,0,1473,2344,-454,296,2116,100
1,0,1,0,1396,-1088,1208,1683,13,100
0,2,1,0,313,-1370,-863,-479,1069,200
0,2,1,0,-253,-542,-1830,-393,-623,200
1,0,1,0,3515,-220,571,-94,-77,100
0,2,0,1,-4721,-1310,-5737,119,-2345,200
0,2,0,1,-1593,-2193,214,1508,225,200
0,1,1,0,-79,-251,425,-1831,542,200
0,2,1,0,290,1929,345,683,80,100
1,1,0,1,-3951,914,-148,452,-59,200
0,2,0,0,-1019,-1842,-180,-3398,-393,200
0,1,1,0,50,-1629,-1076,499,619,200
1,0,0,1,1817,-573,792,-100,98,100
1,0,0,0,-2032,415,-539,3568,934,100
0,2,1,0,-1922,1732,796,-1341,-12,200
0,1,0,1,-3049,-2312,-578,144,-2025,200
0,2,1,0,1816,-1846,-2142,-2678,661,200
0,1,0,1,-373,-2122,-149,274,636,200
1,0,0,1,-4471,1761,897,-165,857,200
1,0,0,0,665,1567,623,-1561,-954,200
1,0,1,0,77,1098,-928,1205,1603,100
1,0,0,1,-792,-1041,-1039,-2179,227,200
1,1,0,1,-183,-261,-565,1688,90,100
0,2,0,1,1006,-929,47,399,-773,200
0,2,0,1,-3635,-2410,2031,-851,605,200
0,1,0,0,-37,-263,-126,-926,-823,100
1,0,0,1,-2802,-1615,206,1737,-137,200
0,1,0,0,-785,220,-1031,-4325,-591,200
0,2,0,0,-1930,-1970,-1428,348,-285,200
1,0,0,0,-315,245,885,1867,764,100
0,1,0,0,-1483,708,-2727,149,-547,200
0,2,0,1,1891,-1957,-1854,62,664,200
1,1,0,1,2735,560,-3518,278,-403,200
1,0,0,1,1940,-1329,210,1948,467,100
0,2,1,0,3630,-758,-961,-371,1799,200
0,1,0,0,707,-510,145,-3149,537,200
0,1,1,0,-820,-1063,363,-552,-387,100
0,2,1,0,-1349,-348,689,-302,501,200
1,1,0,1,-7594,-2381,-1174,-1934,-2267,200
1,1,0,1,-2921,1846,-541,2751,74,100
2,0,0,1,-1433,589,800,858,374,100
0,0,0,0,-2451,208,-1439,1313,572,100
0,2,1,0,1662,-982,-448,-1452,99,200
0,1,0,0,-630,-625,-525,-1757,72,200
0,1,1,0,-831,-1127,-84,2362,1866,100
0,1,1,0,2738,1646,12,268,983,100
1,0,0,0,1018,1533,2349,-2308,1967,100
0,1,0,0,-222,1430,-2374,-1193,700,100
1,0,0,0,383,728,3357,69,645,100
1,1,0,0,1364,313,-1138,-1407,-1096,200
0,2,1,0,-828,1426,1486,262,77,100
0,1,0,0,0,0,0,0,0,200
1,0,0,1,-1140,-2053,-728,-760,-725,200
0,1,0,1,-308,-1858,20,-986,-750,200
1,1,1,0,3961,2892,-925,-615,-742,200
1,1,0,1,-1748,101,2738,2173,-1345,100
1,0,0,0,496,-563,-1229,834,-30,100
2,0,1,0,371,-2302,-676,480,-135,200
0,1,1,0,-67,-203,-1002,-251,6,100
0,1,1,0,1975,744,-1511,-525,509,200
0,1,0,1,-4329,-1579,-3322,845,224,200
1,0,0,1,-2319,-1637,28,241,1,200
0,1,1,0,28,-3078,-1775,-1766,-316,200
0,2,0,1,30,1421,286,-2884,-2295,200
2,0,1,0,3862,239,-783,807,-792,100
1,0,1,0,554,-884,-1958,1913,1431,100
1,1,1,0,1317,1132,501,-1041,-1791,100
1,0,0,1,-296,223,-91,246,-645,100
0,2,0,1,-530,-950,-1319,-707,-1642,200
0,1,0,0,-732,510,-260,2162,1747,100
1,0,1,0,-911,2359,1634,3766,147,100
1,1,1,0,2119,63,501,-1517,-185,100
1,1,0,0,198,318,1368,525,33,100
0,1,1,0,-26,279,2976,-2084,-936,100
0,2,1,0,912,466,-846,-2061,-645,200
1,0,1,0,1398,453,402,470,645,100
1,0,0,1,-333,1828,-905,604,-1142,100
0,2,0,0,1350,-1682,145,-2706,-104,200
1,1,0,1,-1016,168,-191,-32,-738,100
2,0,0,0,-463,997,-547,3730,-206,100
1,1,1,0,-17,1816,156,939,759,100
1,0,1,0,4421,3,2418,-117,-148,100
1,1,0,1,1109,1341,-2144,-1114,-1382,200
1,0,0,1,687,-939,-1189,696,915,200
1,0,1,0,-1734,1120,312,-2521,-838,100
1,1,0,0,451,1974,-165,2213,362,100
0,1,1,0,-1229,178,592,704,327,200
1,1,1,0,455,576,-714,-1687,-804,100
2,0,1,0,4632,2663,2042,626,1200,100
1,0,0,1,-1344,-783,-1573,-1751,-524,200
1,1,0,1,1300,-1018,1125,-435,-120,100
0,1,1,0,2387,-208,75,-265,-460,100
2,0,1,0,-27,688,1880,675,817,200
0,1,0,0,305,-1747,984,-1081,-266,200
0,2,0,1,-411,-1022,-2568,-2264,-2090,200
0,1,0,0,-387,-475,-608,-2650,-971,200
0,2,1,0,-1098,-413,492,-225,69,100
0,2,0,1,-301,-990,-1619,-894,-479,100
1,1,1,0,-3280,-1316,-642,291,-1181,100
2,0,0,1,224,137,171,2263,-212,100
2,0,1,0,451,2248,2891,2821,1980,100
2,0,0,1,-1537,26,1849,-195,-780,200
0,1,0,0,-1825,-755,723,1080,1416,100
0,1,0,0,1512,378,2784,222,301,100
0,2,0,1,1329,-191,-475,58,-355,100
1,1,0,1,-1566,-1016,-609,-352,336,200
1,1,1,0,2094,1427,-709,57,410,100
2,0,0,0,760,-2702,-113,-1566,1112,200
1,0,1,0,191,-2445,68,1480,-718,200
1,0,0,1,-2054,-556,-2291,1267,-330,200
1,0,0,1,-1156,24,1384,-580,1384,100
1,0,0,1,4214,381,461,589,826,100
1,1,0,1,1621,-515,-26,-658,-345,100
1,1,0,1,759,-4,767,619,515,100
0,2,1,0,-154,-1232,-2401,-907,-723,200
0,1,0,1,-2743,-1503,-234,-521,-663,200
2,0,1,0,624,704,-67,3533,2496,100
1,1,1,0,2390,363,-547,-745,-2093,200
1,0,0,1,-1263,47,89,-272,-181,200
1,0,0,0,-559,884,-145,2001,744,100
2,0,0,0,456,181,-707,-920,54,100
0,1,1,0,-683,-271,1209,-1640,88,200
0,1,1,0,-2790,1471,1007,95,-440,100
1,0,0,0,-1309,197,1395,864,508,100
0,2,0,1,-741,-1250,-1400,-4734,75,200
2,0,1,0,1326,3816,263,2943,322,100
1,1,1,0,-413,-1524,1502,1514,1188,200
0,0,0,1,466,-1317,1248,-3080,-1415,200
0,1,0,1,1804,-1468,-1207,-763,-232,200
1,0,1,0,208,930,912,-1526,-1264,200
0,2,0,0,190,-424,-824,394,-1062,100
1,1,0,0,-3198,1148,-141,-85,790,200
0,2,0,1,581,-1623,-1333,1097,391,100
2,0,0,0,-385,333,1110,2807,185,100
1,1,0,1,-598,-209,-183,638,-377,200
0,2,1,0,1007,-97,-1009,-661,-106,200
1,1,1,0,-3009,-824,-426,-961,-793,200
1,1,0,0,-613,-738,1508,378,-92,100
1,0,1,0,502,-869,1913,1101,-367,100
1,0,0,0,-1342,-1322,168,1604,36,100
1,1,0,1,970,-509,-1406,3291,1299,100
1,0,1,0,693,375,883,-607,-369,100
0,2,0,1,-911,-1333,388,-2015,-482,100
0,2,0,1,-3153,67,-581,-297,-349,200
0,1,0,1,-2134,-131,-3916,-2632,-165,200
1,1,0,0,577,816,-731,1509,425,100
0,1,1,0,4213,1700,2217,732,1135,100
1,1,0,1,1444,1149,494,-66,80,100
0,1,1,0,-544,1390,1250,1423,1443,200
1,1,0,1,-3243,-1495,-729,1310,621,200
0,2,0,1,-2824,-2112,1109,-2671,-558,200
1,0,0,1,-774,930,-626,-470,14,100
0,2,0,1,-1000,-1606,-1087,-1965,-1539,200
0,1,1,0,-1877,343,-2767,2531,1476,200
0,1,1,0,782,154,25,615,-51,100
0,1,0,1,-596,-1534,-629,-911,-45,100
1,0,0,1,-1566,768,-340,-654,-50,200
2,0,1,0,2542,1055,3018,4148,1140,100
0,2,1,0,1807,-2421,-578,-1519,145,200
1,1,0,1,804,1092,-809,210,-821,100
1,1,1,0,-984,150,1419,-802,-975,200
0,1,1,0,583,1231,-854,-1142,-1246,200
0,1,0,0,-195,-459,-493,58,-1332,100
0,1,0,0,-494,-233,476,839,667,100
1,1,1,0,1751,773,447,2031,481,100
0,1,1,0,-782,2344,623,1664,-330,100
2,0,1,0,2331,1430,2495,102,-40,100
1,0,1,0,1816,-327,-1118,-12,-284,100
1,1,0,1,-2884,941,-364,-457,-574,200
0,1,0,1,2728,-2450,1011,697,-812,100
2,0,1,0,1897,1537,312,813,1020,100
0,1,0,0,793,-1538,-2163,-780,431,200
0,1,0,1,-3363,-632,-1167,-1301,-1395,200
2,0,1,0,314,2184,1102,2235,1841,100
1,0,0,0,-486,-479,757,678,6,200
0,1,0,1,-926,-1942,-416,-150,239,200
0,2,0,1,62,495,-422,-3473,-2566,200
1,0,0,1,205,520,-1943,-238,1140,100
1,1,0,1,-1062,-2537,-1462,488,1028,100
0,2,0,1,-1189,-3962,-2100,-1234,-1688,200
0,1,0,0,1498,1556,636,629,313,200
0,2,0,0,-2350,-1560,-1614,-367,-905,200
0,2,0,1,-2357,759,-666,1493,1,100
2,0,1,0,-330,-107,498,6046,3839,100
0,2,0,1,1016,-861,-389,-2966,-88,200
2,0,1,0,814,-156,1246,-795,-483,100
1,1,0,1,2081,1123,271,-2787,-166,200
0,1,1,0,1221,-1249,349,2438,1558,200
1,0,0,0,1571,695,327,-242,89,200
1,0,0,0,-2037,854,-862,2040,-553,200
0,2,1,0,287,-161,-764,-390,-685,200
1,0,0,1,0,0,0,0,0,200
1,0,1,0,1591,1946,1273,4153,1657,100
0,2,1,0,-37,1190,-396,122,350,100
1,1,0,1,-573,447,-309,-2691,-3298,200
1,0,1,0,-447,3661,3072,-1250,-853,100
0,0,1,0,-2335,-894,-900,-763,1305,200
1,1,0,1,-3980,-1616,153,-987,190,200
0,1,1,0,-1211,-936,-1139,-802,-1431,200
0,0,0,0,0,0,0,0,0,100
1,0,1,0,1686,1370,894,-444,95,200
1,0,0,0,3975,173,-706,1755,742,100
1,0,0,1,2575,-2675,434,-1125,-1547,200
1,0,0,1,-2396,620,1825,1225,-186,100
0,1,1,0,709,1128,306,2012,1089,200
1,0,0,1,-1718,723,-816,330,200,100
1,0,0,0,490,-1955,-725,-517,-282,200
1,0,1,0,-218,-292,1172,785,-521,200
0,2,0,0,-1391,-1143,-123,-1285,10,200
0,1,0,1,-756,-1243,331,1776,739,200
2,0,0,0,2242,-90,702,373,-137,100
1,0,0,1,4044,2647,-139,-1354,-297,100
1,1,1,0,1915,1338,184,-2991,-128,100
1,0,1,0,264,-1089,-2780,1334,1634,200
2,0,1,0,-1258,1387,157,-499,1227,200
0,2,0,1,678,-1063,-2953,-1975,-708,200
0,2,0,1,-370,-2229,-329,369,399,200
0,2,0,1,-2654,-199,-1876,-1966,-619,200
0,1,0,0,396,1755,-1670,234,-726,100
2,0,0,0,2310,-1101,-62,1456,483,100
1,1,1,0,-209,-1260,-711,897,452,200
1,0,0,0,307,-1114,232,-330,651,200
2,0,1,0,477,2312,2045,-1087,617,100
2,0,1,0,777,1865,3281,540,-192,100
2,0,1,0,4094,1072,1549,519,-357,100
1,1,0,0,-1340,-299,519,-661,169,100
1,0,0,1,-858,515,907,46,395,100
1,1,1,0,-1224,-623,2655,2015,-650,100
0,1,1,0,1661,-1172,-1474,-170,-307,200
0,1,0,0,-379,536,878,684,442,200
0,2,1,0,3118,411,-1607,-2949,-1538,200
0,1,0,1,-466,-1920,-1941,-917,-654,200
1,0,0,0,444,-1185,-769,-1443,-1250,200
0,2,0,0,-363,1262,1352,567,74,200
0,0,0,0,0,0,0,0,0,200
1,0,1,0,2591,-15,1788,424,829,100
0,1,1,0,1280,-1027,-219,-151,780,100
0,1,1,0,2705,1466,-2299,1265,889,100
0,1,0,0,-2700,-1504,2820,918,317,100
2,0,1,0,1573,1660,1440,166,1709,100
0,1,0,0,-1400,-1696,-2335,-514,-176,200
0,1,1,0,-1373,652,2750,-750,-1004,100
2,0,1,0,1985,1389,19,-1866,-799,200
2,0,1,0,2829,3011,-53,5127,1663,100
0,1,0,1,1119,-73,-455,-1579,-86,100
2,0,1,0,77,32,2098,1071,1511,100
0,2,0,0,-1405,-336,-319,-2174,-1181,200
2,0,1,0,2892,886,1584,1315,-18,100
0,1,0,1,459,-2667,-242,1676,1657,200
2,0,0,0,-574,-1258,-1816,371,-157,200
1,0,0,1,612,-306,2230,-908,-645,100
2,0,0,1,897,-261,-74,-2332,-945,100
0,1,0,1,428,1436,906,-31,-16,200
0,2,1,0,1242,2588,3154,1025,381,100
0,2,1,0,-1993,-2785,185,-164,-1180,200
1,0,1,0,1317,-767,5,-23,-21,100
0,1,0,0,-142,1556,162,-2021,-114,200
0,1,0,1,480,-4282,-3065,-1460,-2505,200
0,1,0,1,-117,-616,2468,-1717,881,100
1,0,1,0,561,-523,133,1801,144,100
0,1,0,0,568,2178,-1610,1807,1083,100
1,1,0,1,-1166,448,-2125,-311,-163,200
0,2,1,0,-1058,-867,303,-808,-514,200
2,0,1,0,1400,1321,-1003,1760,889,100
2,0,1,0,-922,1280,479,1867,-445,100
0,1,1,0,1872,644,1582,-2666,-1085,100
1,1,1,0,4096,1134,-3,-580,-715,100
0,2,0,0,996,-497,-153,-2423,-1173,200
0,1,1,0,-1331,-775,-4167,-6340,-1475,200
1,0,1,0,-224,353,3016,709,718,100
2,0,0,0,109,824,758,228,-653,100
1,0,1,0,-118,-208,-368,2125,797,100
0,1,1,0,1144,-300,-634,1325,1761,200
2,0,1,0,-20,-520,-2408,1334,1030,200
0,1,0,1,1053,882,2207,1576,1611,100
0,1,1,0,-158,-233,402,852,643,100
0,1,0,1,359,219,-64,-1858,381,200
1,0,1,0,539,769,1145,360,-120,100
0,2,0,1,-790,474,-416,-2854,-2336,200
1,0,0,0,1806,-654,1007,-438,11,200
0,2,1,0,319,1469,-192,482,23,200
2,0,0,1,-1621,-244,2688,1727,-11,100
1,0,1,0,2229,2038,1381,-411,580,100
1,0,0,1,207,-422,-1539,1217,231,100
1,0,0,0,-3058,283,633,497,808,100
1,0,0,1,702,774,26,495,237,100
1,1,0,1,-1474,-837,1184,-417,736,200
1,1,1,0,1875,-124,-1797,-871,-4,100
2,0,0,0,549,-906,1257,3776,210,200
1,1,1,0,331,1125,343,2538,308,100
2,0,0,1,-762,-655,-1687,-549,-1154,100
1,0,0,1,-253,667,2019,-1503,-1096,200
1,0,1,0,1778,1083,2690,589,-16,100
0,0,0,0,0,0,0,0,0,200
0,1,1,0,-1240,1607,2693,59,-560,100
1,0,0,0,-1811,220,-806,-668,-641,100
0,1,0,0,-137,362,867,-2013,-43,100
0,1,1,0,-908,-709,-571,1138,1172,200
1,1,0,1,-2855,796,-300,803,744,100
0,2,1,0,-2711,-811,-1027,-767,-1738,200
0,1,1,0,1128,-1528,916,-77,1001,200
0,1,0,1,-450,295,-3455,-537,79,200
1,0,0,1,322,-509,-1143,-1178,-1647,100
1,1,1,0,4037,926,-665,-310,190,100
1,1,0,0,785,2041,1193,1015,1246,100
1,0,0,1,-1102,1887,1075,471,-249,100
1,1,1,0,-613,1141,-955,1428,470,200
0,1,0,1,-50,-765,-958,-436,-1043,200
2,0,0,1,-649,-1073,1446,586,963,200
1,1,0,0,353,440,1015,-948,-1936,100
2,0,0,1,2341,-71,-442,2787,539,100
1,0,1,0,306,-2043,-37,68,-132,200
2,0,1,0,1834,-512,171,-775,-422,100
2,0,0,0,824,-1141,3099,1601,-1787,100
1,1,1,0,136,-786,-694,-2447,-946,100
0,1,0,0,-1514,-1227,-35,-811,-147,200
1,0,0,1,-237,1225,101,-393,583,100
0,1,0,1,-2632,-569,699,-1488,-2757,200
0,1,1,0,-768,1521,942,1319,-861,100
1,0,1,0,-782,1619,301,-778,-21,100
0,1,0,0,-805,-26,-1655,-885,622,100
0,1,1,0,300,236,-341,-1560,348,200
1,0,1,0,1366,1040,1090,1744,-74,100
0,0,0,0,1472,73,-878,751,-348,100
0,1,0,1,-177,-1991,-1315,-1370,-3390,200
1,0,0,1,-1211,-1775,2512,279,450,100
1,0,1,0,2579,-1401,3119,662,654,100
1,0,0,1,-2198,-710,-649,2216,747,100
0,2,0,0,3739,1313,-1215,1115,405,200
1,1,0,1,-1474,34,-516,757,-1009,100
1,0,0,0,677,148,-1844,466,226,100
1,0,0,1,2495,17,69,2695,629,100
1,1,0,1,-104,1078,634,-484,-892,100
1,0,1,0,2656,705,3028,692,2194,100
0,2,1,0,-536,-1217,1159,-140,-231,200
0,0,0,1,-529,1293,-21,-11,153,100
1,0,0,1,-1674,-51,909,-1232,259,200
1,1,0,1,855,-4192,-201,-793,631,100
1,1,0,1,-755,-2876,-2024,426,1829,200
1,0,0,0,1061,-1630,277,35,51,100
1,1,0,1,1556,541,-885,-1132,-2046,100
1,1,1,0,436,-402,2193,1739,1182,100
2,0,0,0,3113,-473,894,-1603,-152,200
2,0,0,1,-47,604,626,924,333,100
0,2,0,1,-1613,-2589,-456,-1488,-1415,200
0,1,1,0,1505,999,777,1219,208,200
1,0,1,0,-882,1465,2042,3155,2184,100
2,0,1,0,-2085,591,1392,-199,613,100
0,2,1,0,36,-1150,-3037,-166,844,200
2,0,0,0,991,413,1692,100,1727,100
1,1,0,0,-3505,-785,-940,-1162,187,200
1,0,1,0,531,931,-545,-1032,-367,200
1,1,0,1,-2516,-1353,-2373,1168,464,200
1,1,1,0,-204,-221,639,2395,264,100
1,1,0,0,-543,-247,-1043,-510,-877,200
0,0,0,0,0,0,0,0,0,100
1,0,1,0,593,399,-1049,2944,-647,100
1,1,0,1,1608,-1084,-1824,1753,-1323,200
2,0,0,1,867,-1985,1535,-565,620,100
1,0,1,0,872,952,2070,-137,-772,200
1,0,0,0,1340,-179,-1864,1705,850,200
1,0,0,1,-2619,198,1221,62,417,100
0,2,0,1,-1436,1057,-21,-2199,-1027,200
2,0,1,0,-353,538,2173,-661,-830,100
0,1,1,0,3541,348,326,1533,740,100
2,0,1,0,2619,2752,2818,-1419,-141,100
1,0,0,1,-1842,-1071,845,1814,1352,100
0,1,0,1,1265,216,827,1047,553,100
0,1,0,1,-1732,-540,-578,-2108,-2590,200
0,0,0,0,0,0,0,0,0,200
1,1,0,0,-1715,677,123,-172,3408,100
1,0,0,1,-3050,1399,448,-300,-109,200
0,1,0,1,-136,-2024,-1796,-479,515,200
0,1,0,1,1347,1016,1466,-707,56,100
1,0,1,0,577,1039,252,526,734,200
1,0,0,0,-2027,-816,898,-590,-176,200
1,0,0,1,-194,-816,-690,1157,1127,100
0,0,0,0,-1844,499,1091,-7,1895,200
0,2,0,1,2583,-600,-592,724,119,100
1,0,0,1,-1572,2415,-779,-883,-801,100
0,1,1,0,5,-1239,-1789,-1295,-789,200
1,0,0,1,-1957,-1974,-1633,648,-1710,200
0,2,0,1,-1577,-2050,1276,-134,802,200
1,1,0,1,376,-2354,-705,-1407,-1586,200
0,1,1,0,1039,1682,405,-713,-238,100
2,0,1,0,-1578,-376,1197,2378,1366,100
0,2,0,0,130,1808,365,-640,658,100
0,1,0,0,1611,282,208,-1258,706,200
0,1,1,0,251,-97,-1503,-1888,-1224,200
0,0,0,0,0,0,0,0,0,200
1,1,0,0,453,-1266,-62,887,868,100
1,0,1,0,-101,1609,1097,3218,1337,100
0,1,0,1,0,0,0,0,0,200
0,1,1,0,129,754,295,-575,-298,200
1,0,0,1,653,2137,987,351,-876,100
2,0,0,0,-94,678,1757,1079,-147,100
1,0,1,0,-1031,2935,-531,-314,-568,100
1,1,0,0,-698,-2783,-287,-2536,-928,200
1,0,0,0,509,-892,1031,-428,-491,100
0,1,0,1,-1309,-555,1331,279,-397,200
0,1,1,0,-329,-1217,-1707,-412,391,200
1,1,0,1,-2796,-1022,-719,-177,-504,100
1,0,0,1,-640,183,-941,-851,-1071,100
1,0,0,1,1602,-526,262,600,-439,100
0,1,1,0,468,-1324,-768,-1454,-1644,200
0,2,0,1,-1284,981,1010,-1543,-114,100
0,1,0,1,-793,-2192,-528,15,820,100
1,1,1,0,-753,455,2311,-702,-1466,200
0,1,0,1,-2636,-2168,-1222,-126,-1798,200
0,2,1,0,2800,-1272,2384,-1911,-144,100
2,0,1,0,1009,1537,-1511,1559,659,100
1,1,1,0,-2855,-637,353,1567,317,200
1,1,0,1,-366,1934,-1239,897,218,200
0,1,0,0,450,598,-1231,-709,174,200
2,0,0,0,-274,1561,-42,1815,1058,100
1,0,0,1,-2799,1299,-719,93,1524,200
2,0,0,1,-926,731,-1781,226,-709,100
1,0,0,1,3449,1282,1639,267,-293,100
0,1,0,1,1461,-191,-2013,-1769,-1472,100
0,1,0,0,-897,-239,-394,2969,-63,200
1,1,0,1,-1615,-844,925,-944,271,100
0,2,1,0,1986,2954,650,-68,749,100
1,0,0,1,-1745,-1413,-1928,-1246,1099,200
1,0,0,0,-493,1289,908,1188,510,100
0,1,1,0,803,742,666,-1233,-645,100
0,1,0,1,-1175,-1246,-2364,-1993,-1043,200
1,0,0,0,1895,-480,1125,-158,824,100
0,2,0,1,-1797,-1832,-1979,-319,-561,200
0,2,0,1,-2890,-436,2866,-2962,-1595,200
0,1,0,1,2005,64,297,-1056,-1631,200
1,1,1,0,377,1283,1049,1099,910,100
1,1,0,0,4344,843,1081,-104,-795,100
1,0,0,0,-2104,658,722,1072,330,200
1,0,0,1,-2850,0,-870,-316,-1027,200
2,0,1,0,1132,412,-217,-775,1000,100
0,2,1,0,-1879,26,-411,-281,-898,200
0,1,0,0,355,1436,281,-890,-667,200
0,2,0,0,0,0,0,0,0,200
0,2,1,0,682,-1102,110,-3376,-935,200
1,0,1,0,65,3108,1166,1077,967,100
2,0,0,0,3289,-1273,-466,2012,272,100
1,0,1,0,2117,1787,865,1131,-722,100
2,0,1,0,1143,723,-945,1114,2239,100
0,1,1,0,-1556,729,1852,-3218,-1189,200
2,0,1,0,302,977,-1053,784,2080,100
2,0,0,0,-1905,-597,-2424,3393,221,100
0,2,1,0,-1412,-2,-1459,-2792,-2372,200
2,0,1,0,-291,-778,1401,1178,1046,100
0,2,1,0,-162,-787,-863,-1669,-1268,100
0,2,0,1,-1362,-2924,-890,862,133,200
1,0,0,0,-750,-1170,1323,70,836,100
1,1,1,0,161,364,-882,1265,1275,200
0,2,0,1,-3087,-2074,-356,-2879,-3844,200
0,0,0,0,0,0,0,0,0,200
1,0,0,1,-1603,-1359,510,-752,-1697,100
1,0,1,0,-1046,3211,-1920,2250,137,100
1,0,0,0,1209,699,-1593,-201,112,100
1,0,1,0,-1135,1124,1069,468,703,200
0,2,0,1,1169,-1773,-1177,-1504,-3371,100
1,1,0,1,643,1872,-2062,-1822,-1525,100
0,2,0,0,-1120,-696,-1796,-27,-219,200
2,0,0,1,441,-1035,-10,240,-1,100
0,0,0,0,338,707,-1203,1909,1312,100
1,0,1,0,3768,-731,647,1500,918,100
0,1,1,0,-1854,2223,-1526,-501,-362,100
1,1,0,1,-1644,-453,1418,80,-208,200
2,0,1,0,2343,1639,-211,831,-135,100
1,0,0,0,-731,-85,-866,2822,1101,200
2,0,1,0,-1645,-436,-348,885,471,200
1,1,0,0,3485,1255,-323,-1320,-753,100
0,1,0,0,-1161,-1292,2692,-2708,-701,100
1,0,0,1,-1962,1440,-1153,3513,2805,100
0,1,0,1,744,68,-357,-1988,241,200
1,1,0,0,1428,511,-960,-2007,-458,100
0,1,1,0,-476,969,-1014,441,621,100
1,0,1,0,965,2592,451,4159,3149,100
1,0,1,0,821,653,-358,15,1596,200
0,2,0,0,1236,-1553,-1328,-134,428,200
0,2,1,0,3972,-455,330,-638,-1707,100
1,0,0,1,1377,-1465,-2293,-1601,1240,200
0,1,0,1,2039,-794,-1108,-787,-542,200
1,1,0,0,-1828,371,668,1014,-372,200
0,2,1,0,-575,-489,1340,-1286,-644,100
0,1,0,1,-1533,154,357,1084,-392,200
0,1,0,0,-977,2296,-2579,1252,-301,200
0,1,0,0,-2426,-290,-584,-1522,612,200
1,0,0,1,-1053,-1673,1702,-96,-497,200
0,2,1,0,375,1076,-355,-418,-184,100
2,0,1,0,609,837,1831,2017,339,100
1,0,1,0,1012,1360,571,333,582,100
0,2,1,0,842,-171,906,247,-908,200
2,0,0,1,-2080,-1164,235,1879,782,100
0,1,0,1,-2019,2524,1124,1149,708,200
0,2,0,1,-1238,1062,-583,-554,18,100
2,0,1,0,-1500,-139,1759,-467,-136,100
